Datetime,Water Level (m)
2026-09-23 18:00:00,1.1865175
2026-09-23 19:00:00,1.133879
2026-09-23 20:00:00,0.8898004
2026-09-23 21:00:00,0.6554333
2026-09-23 22:00:00,0.4106318
2026-09-23 23:00:00,0.17755687
2026-09-24 00:00:00,-0.017203495
2026-09-24 01:00:00,-0.08245198
2026-09-24 02:00:00,0.188644
2026-09-24 03:00:00,0.54287624
2026-09-24 04:00:00,0.928298
2026-09-24 05:00:00,1.2911601
2026-09-24 06:00:00,1.4747089
2026-09-24 07:00:00,1.4903781
2026-09-24 08:00:00,1.2375633
2026-09-24 09:00:00,0.9678946
2026-09-24 10:00:00,0.7004877
2026-09-24 11:00:00,0.4312531
2026-09-24 12:00:00,0.1897672
2026-09-24 13:00:00,0.016785603
2026-09-24 14:00:00,0.13357154
2026-09-24 15:00:00,0.47705993
2026-09-24 16:00:00,0.83130634
2026-09-24 17:00:00,1.1921592
2026-09-24 18:00:00,1.4643252
2026-09-24 19:00:00,1.5207518
2026-09-24 20:00:00,1.3168395
2026-09-24 21:00:00,1.0554305
2026-09-24 22:00:00,0.7835349
2026-09-24 23:00:00,0.50027305
2026-09-25 00:00:00,0.24202551
2026-09-25 01:00:00,0.04080305
2026-09-25 02:00:00,0.079948045
2026-09-25 03:00:00,0.44245592
2026-09-25 04:00:00,0.8284128
2026-09-25 05:00:00,1.2373837
2026-09-25 06:00:00,1.5634624
2026-09-25 07:00:00,1.6679782
2026-09-25 08:00:00,1.468353
2026-09-25 09:00:00,1.1815747
2026-09-25 10:00:00,0.8979106
2026-09-25 11:00:00,0.60729814
2026-09-25 12:00:00,0.32192954
2026-09-25 13:00:00,0.07532901
2026-09-25 14:00:00,-0.060935143
2026-09-25 15:00:00,0.20257363
2026-09-25 16:00:00,0.5851315
2026-09-25 17:00:00,0.98119956
2026-09-25 18:00:00,1.3569355
2026-09-25 19:00:00,1.572112
2026-09-25 20:00:00,1.479975
2026-09-25 21:00:00,1.1820914
2026-09-25 22:00:00,0.8995481
2026-09-25 23:00:00,0.6110851
2026-09-26 00:00:00,0.32005802
2026-09-26 01:00:00,0.061445154
2026-09-26 02:00:00,-0.12706095
2026-09-26 03:00:00,0.030189821
2026-09-26 04:00:00,0.42085746
2026-09-26 05:00:00,0.8306301
2026-09-26 06:00:00,1.2383484
2026-09-26 07:00:00,1.5188969
2026-09-26 08:00:00,1.4959859
2026-09-26 09:00:00,1.1962414
2026-09-26 10:00:00,0.91211605
2026-09-26 11:00:00,0.6207914
2026-09-26 12:00:00,0.32355806
2026-09-26 13:00:00,0.051335275
2026-09-26 14:00:00,-0.18501945
2026-09-26 15:00:00,-0.23143826
2026-09-26 16:00:00,0.10723639
2026-09-26 17:00:00,0.5207489
2026-09-26 18:00:00,0.95427805
2026-09-26 19:00:00,1.3254228
2026-09-26 20:00:00,1.4623837
2026-09-26 21:00:00,1.232461
2026-09-26 22:00:00,0.93868625
2026-09-26 23:00:00,0.65386164
2026-09-27 00:00:00,0.3603299
2026-09-27 01:00:00,0.08645285
2026-09-27 02:00:00,-0.15912667
2026-09-27 03:00:00,-0.27599996
2026-09-27 04:00:00,0.0043107304
2026-09-27 05:00:00,0.41981086
2026-09-27 06:00:00,0.8577403
2026-09-27 07:00:00,1.2624311
2026-09-27 08:00:00,1.466891
2026-09-27 09:00:00,1.2911189
2026-09-27 10:00:00,0.9891498
2026-09-27 11:00:00,0.700916
2026-09-27 12:00:00,0.40503952
2026-09-27 13:00:00,0.12369955
2026-09-27 14:00:00,-0.13695902
2026-09-27 15:00:00,-0.32397756
2026-09-27 16:00:00,-0.1604929
2026-09-27 17:00:00,0.23620756
2026-09-27 18:00:00,0.68014216
2026-09-27 19:00:00,1.1304044
2026-09-27 20:00:00,1.4475826
2026-09-27 21:00:00,1.4355857
2026-09-27 22:00:00,1.1298462
2026-09-27 23:00:00,0.83698267
2026-09-28 00:00:00,0.5429028
2026-09-28 01:00:00,0.24820213
2026-09-28 02:00:00,-0.020942163
2026-09-28 03:00:00,-0.24684362
2026-09-28 04:00:00,-0.22303832
2026-09-28 05:00:00,0.13495965
2026-09-28 06:00:00,0.55978084
2026-09-28 07:00:00,0.9923259
2026-09-28 08:00:00,1.3299788
2026-09-28 09:00:00,1.3666602
2026-09-28 10:00:00,1.0786413
2026-09-28 11:00:00,0.79012984
2026-09-28 12:00:00,0.5005049
2026-09-28 13:00:00,0.2126918
2026-09-28 14:00:00,-0.05726365
2026-09-28 15:00:00,-0.29393005
2026-09-28 16:00:00,-0.37525988
2026-09-28 17:00:00,-0.0693754
2026-09-28 18:00:00,0.36440438
2026-09-28 19:00:00,0.82796043
2026-09-28 20:00:00,1.2574995
2026-09-28 21:00:00,1.4733313
2026-09-28 22:00:00,1.291097
2026-09-28 23:00:00,0.9839004
2026-09-29 00:00:00,0.6933206
2026-09-29 01:00:00,0.39552933
2026-09-29 02:00:00,0.114108816
2026-09-29 03:00:00,-0.14587225
2026-09-29 04:00:00,-0.31953326
2026-09-29 05:00:00,-0.13049
2026-09-29 06:00:00,0.2591649
2026-09-29 07:00:00,0.67822456
2026-09-29 08:00:00,1.0800626
2026-09-29 09:00:00,1.3121668
2026-09-29 10:00:00,1.1656911
2026-09-29 11:00:00,0.8655606
2026-09-29 12:00:00,0.5903131
2026-09-29 13:00:00,0.30176038
2026-09-29 14:00:00,0.027898775
2026-09-29 15:00:00,-0.2223465
2026-09-29 16:00:00,-0.41468877
2026-09-29 17:00:00,-0.28953934
2026-09-29 18:00:00,0.07793455
